d3mIndex,FIPS,State,Area,RUCCode,POVALL_2016
0,35005,NM,Chaves County,5,13974
1,13297,GA,Walton County,1,11385
2,13137,GA,Habersham County,6,6500
3,54017,WV,Doddridge County,9,1460
4,55055,WI,Jefferson County,4,7618
5,38065,ND,Oliver County,8,191
6,13059,GA,Clarke County,3,31950
7,36023,NY,Cortland County,4,7230
8,21109,KY,Jackson County,9,4213
9,54003,WV,Berkeley County,3,14461
10,22079,LA,Rapides Parish,3,25575
11,20037,KS,Crawford County,4,8318
12,5145,AR,White County,4,11843
13,5057,AR,Hempstead County,6,4483
14,20117,KS,Marshall County,7,995
15,37083,NC,Halifax County,4,13595
16,51037,VA,Charlotte County,8,2488
17,41065,OR,Wasco County,6,3624
18,29067,MO,Douglas County,6,2607
19,16045,ID,Gem County,2,3042
20,38055,ND,McLean County,8,880
21,28075,MS,Lauderdale County,5,17531
22,4021,AZ,Pinal County,1,60679
23,45013,SC,Beaufort County,5,18326
24,47043,TN,Dickson County,1,6973
25,47079,TN,Henry County,7,6187
26,6023,CA,Humboldt County,5,26632
27,1035,AL,Conecuh County,9,3464
28,51640,VA,Galax city,6,1327
29,39175,OH,Wyandot County,7,1881
30,55073,WI,Marathon County,3,13941
31,42065,PA,Jefferson County,7,5743
32,12035,FL,Flagler County,4,11997
33,12015,FL,Charlotte County,3,22087
34,25019,MA,Nantucket County,7,697
35,21231,KY,Wayne County,7,5390
36,13055,GA,Chattooga County,6,4716
37,35047,NM,San Miguel County,6,6856
38,42095,PA,Northampton County,2,27078
39,39013,OH,Belmont County,3,10135
40,41055,OR,Sherman County,9,208
41,21187,KY,Owen County,8,1923
42,27133,MN,Rock County,6,877
43,31117,NE,McPherson County,9,60
44,8117,CO,Summit County,7,2398
45,51005,VA,Alleghany County,6,2288
46,13067,GA,Cobb County,1,73446
47,32003,NV,Clark County,1,311352
48,20031,KS,Coffey County,6,861
49,11001,DC,District of Columbia,1,119778
50,22105,LA,Tangipahoa Parish,4,27350
51,31151,NE,Saline County,6,1526
52,47063,TN,Hamblen County,3,11601
53,49035,UT,Salt Lake County,2,104297
54,22035,LA,East Carroll Parish,7,2686
55,21183,KY,Ohio County,6,4865
56,13123,GA,Gilmer County,6,4490
57,46093,SD,Meade County,3,2666
58,19159,IA,Ringgold County,9,696
59,42129,PA,Westmoreland County,1,34269
60,13105,GA,Elbert County,6,4197
61,51077,VA,Grayson County,9,2593
62,55077,WI,Marquette County,8,1781
63,47017,TN,Carroll County,6,4894
64,31039,NE,Cuming County,7,772
65,19015,IA,Boone County,6,2389
66,37075,NC,Graham County,9,1675
67,1089,AL,Madison County,2,47081
68,53073,WA,Whatcom County,3,32082
69,20167,KS,Russell County,7,1002
70,48395,TX,Robertson County,3,3097
71,12081,FL,Manatee County,2,47042
72,18171,IN,Warren County,8,731
73,48123,TX,DeWitt County,6,3462
74,48133,TX,Eastland County,6,3475
75,26123,MI,Newaygo County,2,8101
76,21227,KY,Warren County,3,22037
77,5129,AR,Searcy County,9,1814
78,12013,FL,Calhoun County,6,2742
79,55035,WI,Eau Claire County,3,12783
80,22057,LA,Lafourche Parish,3,16447
81,19053,IA,Decatur County,9,1469
82,13195,GA,Madison County,3,4255
83,51097,VA,King and Queen County,1,960
84,28033,MS,DeSoto County,1,17819
85,21239,KY,Woodford County,2,3099
86,27141,MN,Sherburne County,1,5703
87,5067,AR,Jackson County,6,3587
88,45065,SC,McCormick County,8,1538
89,31015,NE,Boyd County,9,283
90,38071,ND,Ramsey County,7,1556
91,55049,WI,Iowa County,2,2063
92,13263,GA,Talbot County,8,1447
93,26013,MI,Baraga County,9,1235
94,12059,FL,Holmes County,6,4276
95,21063,KY,Elliott County,9,1998
96,42099,PA,Perry County,2,4082
97,54103,WV,Wetzel County,6,3023
98,26087,MI,Lapeer County,1,9324
99,6045,CA,Mendocino County,4,16366
100,19113,IA,Linn County,3,21613
101,54091,WV,Taylor County,6,2678
102,31045,NE,Dawes County,7,1366
103,40065,OK,Jackson County,5,4756
104,13181,GA,Lincoln County,8,1479
105,48167,TX,Galveston County,1,41747
106,38007,ND,Billings County,9,83
107,36091,NY,Saratoga County,2,14094
108,1103,AL,Morgan County,3,18457
109,46053,SD,Gregory County,9,655
110,1127,AL,Walker County,1,13097
111,27131,MN,Rice County,4,5673
112,28035,MS,Forrest County,3,18514
113,33015,NH,Rockingham County,1,12681
114,25005,MA,Bristol County,1,58070
115,48267,TX,Kimble County,7,848
116,13211,GA,Morgan County,6,2358
117,1105,AL,Perry County,8,3066
118,27053,MN,Hennepin County,1,132137
119,8035,CO,Douglas County,1,11114
120,42039,PA,Crawford County,4,11832
121,45069,SC,Marlboro County,6,6743
122,48299,TX,Llano County,7,2701
123,53051,WA,Pend Oreille County,8,2103
124,48487,TX,Wilbarger County,6,1981
125,37191,NC,Wayne County,3,24889
126,51199,VA,York County,1,3417
127,27085,MN,McLeod County,6,2613
128,48335,TX,Mitchell County,7,1473
129,2050,AK,Bethel Census Area,7,4502
130,48291,TX,Liberty County,1,12164
131,28125,MS,Sharkey County,9,1567
132,6067,CA,Sacramento County,1,243760
133,51031,VA,Campbell County,3,7220
134,31053,NE,Dodge County,4,4131
135,48389,TX,Reeves County,7,2943
136,47103,TN,Lincoln County,6,5546
137,40019,OK,Carter County,5,7799
138,39085,OH,Lake County,1,19364
139,51195,VA,Wise County,7,8525
140,47077,TN,Henderson County,6,4777
141,31141,NE,Platte County,5,2920
142,6061,CA,Placer County,1,27340
143,13165,GA,Jenkins County,6,2606
144,49049,UT,Utah County,2,66112
145,28161,MS,Yalobusha County,7,2812
146,34005,NJ,Burlington County,1,27083
147,17019,IL,Champaign County,3,36364
148,13061,GA,Clay County,9,1040
149,37053,NC,Currituck County,1,2616
150,17011,IL,Bureau County,6,3775
151,31109,NE,Lancaster County,2,35993
152,39141,OH,Ross County,4,13224
153,37107,NC,Lenoir County,4,11637
154,30019,MT,Daniels County,9,176
155,2110,AK,Juneau Borough,5,2334
156,47091,TN,Johnson County,6,4038
157,48143,TX,Erath County,7,7361
158,20161,KS,Riley County,5,11709
159,5077,AR,Lee County,6,2701
160,27103,MN,Nicollet County,5,2490
161,1091,AL,Marengo County,7,5003
162,30063,MT,Missoula County,3,17206
163,48185,TX,Grimes County,6,4124
164,47167,TN,Tipton County,1,9698
165,26093,MI,Livingston County,1,10912
166,48259,TX,Kendall County,1,3119
167,56039,WY,Teton County,7,1680
168,5093,AR,Mississippi County,4,10307
169,22019,LA,Calcasieu Parish,3,39035
170,48243,TX,Jeff Davis County,9,274
171,6027,CA,Inyo County,7,2184
172,48093,TX,Comanche County,7,2271
173,1001,AL,Autauga County,2,7444
174,19183,IA,Washington County,3,2161
175,8003,CO,Alamosa County,7,3816
176,31087,NE,Hitchcock County,9,360
177,29061,MO,Daviess County,8,1357
178,26025,MI,Calhoun County,3,21973
179,9013,CT,Tolland County,1,9786
180,29069,MO,Dunklin County,7,8089
181,24041,MD,Talbot County,6,3827
182,13115,GA,Floyd County,3,14596
183,48401,TX,Rusk County,3,7461
184,1065,AL,Hale County,3,3495
185,54013,WV,Calhoun County,8,1586
186,48043,TX,Brewster County,7,1365
187,1029,AL,Cleburne County,8,2527
188,4005,AZ,Coconino County,3,23116
189,8023,CO,Costilla County,9,1128
190,6075,CA,San Francisco County,1,87690
191,48019,TX,Bandera County,1,3138
192,17181,IL,Union County,7,2957
193,5087,AR,Madison County,2,2910
194,51133,VA,Northumberland County,9,1632
195,8061,CO,Kiowa County,9,189
196,48165,TX,Gaines County,7,2982
197,6007,CA,Butte County,3,43428
198,13213,GA,Murray County,3,7055
199,28111,MS,Perry County,3,2599
200,51169,VA,Scott County,3,4103
201,26003,MI,Alger County,9,1140
202,42063,PA,Indiana County,4,16198
203,37137,NC,Pamlico County,9,2230
204,37133,NC,Onslow County,3,23670
205,20091,KS,Johnson County,1,32380
206,39101,OH,Marion County,4,8673
207,12107,FL,Putnam County,4,15220
208,28159,MS,Winston County,7,4070
209,8029,CO,Delta County,6,5300
210,55111,WI,Sauk County,4,6381
211,18111,IN,Newton County,1,1666
212,12037,FL,Franklin County,6,2337
213,27117,MN,Pipestone County,6,975
214,19045,IA,Clinton County,4,6272
215,37055,NC,Dare County,5,3909
216,37099,NC,Jackson County,6,8051
217,36103,NY,Suffolk County,1,111341
218,16039,ID,Elmore County,4,3531
219,30033,MT,Garfield County,9,181
220,5137,AR,Stone County,9,2697
221,51009,VA,Amherst County,3,4340
222,41069,OR,Wheeler County,9,258
223,5029,AR,Conway County,6,3903
224,17097,IL,Lake County,1,59478
225,51125,VA,Nelson County,3,1865
226,48477,TX,Washington County,6,4641
227,53027,WA,Grays Harbor County,4,10437
228,35037,NM,Quay County,7,2044
229,48451,TX,Tom Green County,3,15144
230,42061,PA,Huntingdon County,6,5522
231,47123,TN,Monroe County,6,8753
232,27037,MN,Dakota County,1,23278
233,36049,NY,Lewis County,6,4191
234,6015,CA,Del Norte County,7,5842
235,8119,CO,Teller County,2,2278
236,29149,MO,Oregon County,9,2640
237,29161,MO,Phelps County,5,8126
238,31181,NE,Webster County,9,447
239,8033,CO,Dolores County,9,271
240,13011,GA,Banks County,8,2845
241,55019,WI,Clark County,8,4676
242,18005,IN,Bartholomew County,3,9336
243,17033,IL,Crawford County,6,2571
244,24037,MD,St. Mary's County,4,9977
245,31023,NE,Butler County,6,702
246,16025,ID,Camas County,9,106
247,38063,ND,Nelson County,8,333
248,37015,NC,Bertie County,9,4438
249,8014,CO,Broomfield County,1,3518
250,56027,WY,Niobrara County,9,318
251,17163,IL,St. Clair County,1,39745
252,28121,MS,Rankin County,2,13745
253,36085,NY,Richmond County,1,62030
254,51185,VA,Tazewell County,7,7281
255,37167,NC,Stanly County,6,7733
256,20165,KS,Rush County,9,360
257,20043,KS,Doniphan County,3,989
258,54071,WV,Pendleton County,8,1126
259,55097,WI,Portage County,4,7684
260,19031,IA,Cedar County,6,1207
261,48251,TX,Johnson County,1,18049
262,49009,UT,Daggett County,8,84
263,28007,MS,Attala County,6,4428
264,55027,WI,Dodge County,4,8012
265,28005,MS,Amite County,8,2951
266,47107,TN,McMinn County,4,8740
267,19153,IA,Polk County,2,50628
268,31169,NE,Thayer County,9,551
269,21215,KY,Spencer County,1,1601
270,5139,AR,Union County,5,7603
271,54049,WV,Marion County,4,9690
272,8099,CO,Prowers County,7,2421
273,13125,GA,Glascock County,9,539
274,21033,KY,Caldwell County,6,2523
275,31025,NE,Cass County,2,1920
276,20111,KS,Lyon County,5,5212
277,29171,MO,Putnam County,9,837
278,19069,IA,Franklin County,7,1157
279,8103,CO,Rio Blanco County,9,591
280,21195,KY,Pike County,7,18486
281,29071,MO,Franklin County,1,10901
282,16067,ID,Minidoka County,7,3243
283,17065,IL,Hamilton County,7,1144
284,20061,KS,Geary County,5,4031
285,31017,NE,Brown County,9,401
286,39157,OH,Tuscarawas County,4,11525
287,39033,OH,Crawford County,4,5753
288,26141,MI,Presque Isle County,7,1852
289,54077,WV,Preston County,3,5455
290,26033,MI,Chippewa County,5,5278
291,51680,VA,Lynchburg city,3,12336
292,8053,CO,Hinsdale County,9,77
293,6031,CA,Kings County,3,23247
294,46129,SD,Walworth County,7,810
295,2261,AK,Valdez-Cordova Census Area,9,852
296,39113,OH,Montgomery County,2,93949
297,42029,PA,Chester County,1,35349
298,21115,KY,Johnson County,7,5814
299,39093,OH,Lorain County,1,36828
300,21207,KY,Russell County,9,4361
301,54001,WV,Barbour County,7,3514
302,51019,VA,Bedford County,3,7445
303,36123,NY,Yates County,6,3340
304,51027,VA,Buchanan County,9,5274
305,39099,OH,Mahoning County,2,41625
306,1051,AL,Elmore County,2,10316
307,28049,MS,Hinds County,2,48244
308,55125,WI,Vilas County,9,2676
309,46101,SD,Moody County,8,676
310,13071,GA,Colquitt County,6,11252
311,19013,IA,Black Hawk County,3,20556
312,53001,WA,Adams County,6,3710
313,13117,GA,Forsyth County,1,12468
314,48137,TX,Edwards County,9,443
315,53017,WA,Douglas County,3,5260
316,46083,SD,Lincoln County,3,2007
317,48077,TX,Clay County,3,1345
318,45083,SC,Spartanburg County,2,45637
319,2013,AK,Aleutians East Borough,9,487
320,53009,WA,Clallam County,5,11110
321,17193,IL,White County,6,2246
322,18009,IN,Blackford County,6,1530
323,1063,AL,Greene County,3,2845
324,48195,TX,Hansford County,7,730
325,26009,MI,Antrim County,9,2686
326,48331,TX,Milam County,6,3959
327,22053,LA,Jefferson Davis Parish,6,5933
328,47187,TN,Williamson County,1,11292
329,13197,GA,Marion County,2,1975
330,51159,VA,Richmond County,9,1399
331,51193,VA,Westmoreland County,7,2581
332,37105,NC,Lee County,4,9869
333,47133,TN,Overton County,7,4066
334,5121,AR,Randolph County,7,3229
335,5037,AR,Cross County,6,3252
336,48131,TX,Duval County,7,2857
337,38015,ND,Burleigh County,3,6505
338,12065,FL,Jefferson County,2,2398
339,40105,OK,Nowata County,6,1776
340,13103,GA,Effingham County,2,5949
341,16047,ID,Gooding County,7,2083
342,27089,MN,Marshall County,8,903
343,48371,TX,Pecos County,7,2376
344,48411,TX,San Saba County,7,1062
345,22043,LA,Grant Parish,3,4160
346,36037,NY,Genesee County,4,6475
347,46123,SD,Tripp County,7,928
348,18001,IN,Adams County,6,5271
349,18163,IN,Vanderburgh County,2,30462
350,49001,UT,Beaver County,9,572
351,48155,TX,Foard County,9,207
352,5141,AR,Van Buren County,8,2737
353,54057,WV,Mineral County,3,4156
354,21149,KY,McLean County,3,1619
355,18029,IN,Dearborn County,1,3988
356,26073,MI,Isabella County,5,15118
357,47111,TN,Macon County,1,4117
358,24025,MD,Harford County,1,17769
359,26039,MI,Crawford County,7,2892
360,48467,TX,Van Zandt County,6,7921
361,2158,AK,Kusilvak Census Area,9,3033
362,51063,VA,Floyd County,8,2129
363,29229,MO,Wright County,6,4355
364,39095,OH,Lucas County,2,83600
365,39035,OH,Cuyahoga County,1,223636
366,17179,IL,Tazewell County,2,11526
367,18131,IN,Pulaski County,6,1435
368,40141,OK,Tillman County,6,1689
369,28135,MS,Tallahatchie County,7,4430
370,51115,VA,Mathews County,1,880
371,12111,FL,St. Lucie County,2,51657
372,30059,MT,Meagher County,9,322
373,41053,OR,Polk County,2,9681
374,38053,ND,McKenzie County,9,981
375,34017,NJ,Hudson County,1,104660
376,48269,TX,King County,9,31
377,37065,NC,Edgecombe County,3,12514
378,18091,IN,La Porte County,3,16218
379,28085,MS,Lincoln County,6,6763
380,26023,MI,Branch County,6,6969
381,17187,IL,Warren County,7,2213
382,5071,AR,Johnson County,6,4699
383,31139,NE,Pierce County,9,674
384,50005,VT,Caledonia County,7,3929
385,28103,MS,Noxubee County,7,3434
386,37063,NC,Durham County,2,47269
387,13231,GA,Pike County,1,2074
388,26017,MI,Bay County,3,15716
389,51073,VA,Gloucester County,1,3449
390,17131,IL,Mercer County,2,1581
391,56023,WY,Lincoln County,7,1631
392,18137,IN,Ripley County,6,3448
393,48341,TX,Moore County,6,2596
394,5143,AR,Washington County,2,34567
395,27029,MN,Clearwater County,8,1432
396,47113,TN,Madison County,3,17777
397,29179,MO,Reynolds County,9,1397
398,35033,NM,Mora County,8,1130
399,46085,SD,Lyman County,9,860
400,13099,GA,Early County,6,3210
401,13253,GA,Seminole County,6,1948
402,6005,CA,Amador County,6,3846
403,18147,IN,Spencer County,8,1847
404,28063,MS,Jefferson County,7,2321
405,47131,TN,Obion County,7,5604
406,17027,IL,Clinton County,1,3330
407,13139,GA,Hall County,3,26561
408,46049,SD,Faulk County,9,298
409,38095,ND,Towner County,9,238
410,13085,GA,Dawson County,1,2373
411,46127,SD,Union County,3,981
412,48027,TX,Bell County,2,42739
413,13305,GA,Wayne County,6,6217
414,13023,GA,Bleckley County,6,2514
415,30049,MT,Lewis and Clark County,5,6858
416,50013,VT,Grand Isle County,3,609
417,13153,GA,Houston County,3,22347
418,5113,AR,Polk County,7,4660
419,37147,NC,Pitt County,3,36594
420,29041,MO,Chariton County,9,966
421,48275,TX,Knox County,9,781
422,40087,OK,McClain County,1,4137
423,29007,MO,Audrain County,6,4019
424,48391,TX,Refugio County,6,1128
425,20089,KS,Jewell County,9,363
426,45045,SC,Greenville County,2,53113
427,17045,IL,Edgar County,6,2350
428,21091,KY,Hancock County,3,1100
429,31037,NE,Colfax County,7,1005
430,48099,TX,Coryell County,2,8991
431,1061,AL,Geneva County,3,5495
432,17047,IL,Edwards County,9,715
433,13295,GA,Walker County,2,12349
434,51089,VA,Henry County,4,9333
435,32005,NV,Douglas County,4,4631
436,5135,AR,Sharp County,7,3610
437,39007,OH,Ashtabula County,4,17202
438,8113,CO,San Miguel County,9,811
439,12021,FL,Collier County,2,41076
440,26117,MI,Montcalm County,6,9381
441,40121,OK,Pittsburg County,5,6007
442,8079,CO,Mineral County,9,68
443,16075,ID,Payette County,6,3639
444,42069,PA,Lackawanna County,2,28739
445,28123,MS,Scott County,6,6303
446,29223,MO,Wayne County,9,3370
447,24510,MD,Baltimore city,1,128752
448,31047,NE,Dawson County,7,2966
449,42083,PA,Mc Kean County,7,6711
450,16021,ID,Boundary County,7,1973
451,29173,MO,Ralls County,9,1109
452,16073,ID,Owyhee County,2,1942
453,39001,OH,Adams County,6,5543
454,2070,AK,Dillingham Census Area,9,965
455,15009,HI,Maui County,5,15578
456,1097,AL,Mobile County,2,79364
457,17021,IL,Christian County,6,4013
458,30035,MT,Glacier County,7,3792
459,28099,MS,Neshoba County,7,6517
460,37011,NC,Avery County,8,2985
461,27087,MN,Mahnomen County,8,941
462,18073,IN,Jasper County,1,3032
463,27025,MN,Chisago County,1,3554
464,29185,MO,St. Clair County,8,1868
465,13043,GA,Candler County,7,2647
466,31175,NE,Valley County,9,479
467,22007,LA,Assumption Parish,6,4761
468,38061,ND,Mountrail County,9,964
469,18141,IN,St. Joseph County,2,41889
470,26035,MI,Clare County,7,6496
471,13243,GA,Randolph County,6,2063
472,20095,KS,Kingman County,6,778
473,55099,WI,Price County,9,1482
474,20121,KS,Miami County,1,2644
475,55015,WI,Calumet County,3,2462
476,17025,IL,Clay County,7,2085
477,21233,KY,Webster County,2,2311
478,36045,NY,Jefferson County,4,16468
479,17175,IL,Stark County,2,652
480,39065,OH,Hardin County,6,3906
481,12019,FL,Clay County,1,19785
482,22055,LA,Lafayette Parish,3,42781
483,21213,KY,Simpson County,6,2663
484,35023,NM,Hidalgo County,7,1129
485,31099,NE,Kearney County,7,584
486,51145,VA,Powhatan County,1,1779
487,56037,WY,Sweetwater County,5,4264
488,51085,VA,Hanover County,1,5900
489,37059,NC,Davie County,2,4820
490,22033,LA,East Baton Rouge Parish,2,86888
491,21155,KY,Marion County,6,3750
492,39153,OH,Summit County,2,72687
493,35049,NM,Santa Fe County,3,20463
494,8001,CO,Adams County,1,57811
495,42087,PA,Mifflin County,4,6711
496,19059,IA,Dickinson County,7,1332
497,25023,MA,Plymouth County,1,39977
498,47159,TN,Smith County,1,2801
499,31123,NE,Morrill County,9,775
500,26061,MI,Houghton County,5,6762
501,42051,PA,Fayette County,1,22645
502,48029,TX,Bexar County,1,306859
503,35017,NM,Grant County,7,6308
504,28113,MS,Pike County,7,11649
505,13255,GA,Spalding County,1,14243
506,47041,TN,DeKalb County,6,3760
507,27105,MN,Nobles County,7,2500
508,19055,IA,Delaware County,6,1626
509,34025,NJ,Monmouth County,1,43866
510,41015,OR,Curry County,7,3171
511,53041,WA,Lewis County,4,11155
512,42043,PA,Dauphin County,2,30247
513,29121,MO,Macon County,7,2416
514,33013,NH,Merrimack County,4,10532
515,17107,IL,Logan County,6,3450
516,17183,IL,Vermilion County,3,15183
517,31127,NE,Nemaha County,7,868
518,17015,IL,Carroll County,7,1798
519,19163,IA,Scott County,2,22602
520,31049,NE,Deuel County,9,213
521,48145,TX,Falls County,6,3915
522,5005,AR,Baxter County,7,5144
523,39131,OH,Pike County,7,5660
524,16019,ID,Bonneville County,3,13072
525,12007,FL,Bradford County,6,4392
526,19115,IA,Louisa County,8,1253
527,21123,KY,Larue County,3,2312
528,21205,KY,Rowan County,7,5389
529,55033,WI,Dunn County,6,5164
530,16041,ID,Franklin County,3,1239
531,48465,TX,Val Verde County,5,9703
532,27061,MN,Itasca County,6,5898
533,53013,WA,Columbia County,6,543
534,38089,ND,Stark County,7,2433
535,21131,KY,Leslie County,9,3265
536,46009,SD,Bon Homme County,9,811
537,50007,VT,Chittenden County,3,14667
538,30017,MT,Custer County,7,1318
539,37037,NC,Chatham County,2,8384
540,1113,AL,Russell County,2,11108
541,34021,NJ,Mercer County,2,39066
542,48479,TX,Webb County,3,85150
543,39167,OH,Washington County,3,8100
544,16055,ID,Kootenai County,3,22165
545,41061,OR,Union County,7,4058
546,36113,NY,Warren County,3,7479
547,18107,IN,Montgomery County,6,4157
548,13311,GA,White County,8,4030
549,47001,TN,Anderson County,2,10753
550,26095,MI,Luce County,7,1092
551,19173,IA,Taylor County,9,751
552,51127,VA,New Kent County,1,1202
553,54093,WV,Tucker County,9,1067
554,40045,OK,Ellis County,9,523
555,2020,AK,Anchorage Borough,2,21108
556,48469,TX,Victoria County,3,12900
557,31163,NE,Sherman County,9,368
558,13111,GA,Fannin County,8,3485
559,39151,OH,Stark County,2,48072
560,35059,NM,Union County,9,705
561,21025,KY,Breathitt County,7,4466
562,19149,IA,Plymouth County,6,2091
563,10005,DE,Sussex County,4,25212
564,6105,CA,Trinity County,8,2668
565,20125,KS,Montgomery County,5,5953
566,26165,MI,Wexford County,7,5812
567,20101,KS,Lane County,9,164
568,5011,AR,Bradley County,6,2544
569,26129,MI,Ogemaw County,9,3564
570,23017,ME,Oxford County,6,7565
571,28155,MS,Webster County,9,2002
572,39061,OH,Hamilton County,1,126002
573,42023,PA,Cameron County,7,655
574,13183,GA,Long County,3,3365
575,51775,VA,Salem city,2,2160
576,41029,OR,Jackson County,3,31189
577,18019,IN,Clark County,1,11983
578,36017,NY,Chenango County,6,7248
579,36093,NY,Schenectady County,2,17158
580,33011,NH,Hillsborough County,2,31972
581,21171,KY,Monroe County,9,2409
582,18077,IN,Jefferson County,6,4061
583,21169,KY,Metcalfe County,9,2244
584,26135,MI,Oscoda County,9,1522
585,12093,FL,Okeechobee County,4,7547
586,5059,AR,Hot Spring County,6,4541
587,27107,MN,Norman County,8,777
588,42071,PA,Lancaster County,2,56082
589,30071,MT,Phillips County,9,631
590,46025,SD,Clark County,9,398
591,12103,FL,Pinellas County,1,125923
592,48365,TX,Panola County,6,3598
593,1059,AL,Franklin County,6,6272
594,48205,TX,Hartley County,9,452
595,1045,AL,Dale County,4,9936
596,22109,LA,Terrebonne Parish,3,23521
597,32009,NV,Esmeralda County,9,117
598,35011,NM,DeBaca County,9,378
599,13079,GA,Crawford County,3,2355
600,42033,PA,Clearfield County,4,10543
601,13159,GA,Jasper County,1,2282
602,1087,AL,Macon County,6,5183
603,2240,AK,Southeast Fairbanks Census Area,8,804
604,31159,NE,Seward County,2,1252
605,17043,IL,DuPage County,1,64330
606,28037,MS,Franklin County,9,1554
607,48359,TX,Oldham County,8,261
608,8085,CO,Montrose County,7,6716
609,25011,MA,Franklin County,2,6926
610,46021,SD,Campbell County,9,131
611,18149,IN,Starke County,6,3694
612,53059,WA,Skamania County,1,1543
613,20011,KS,Bourbon County,6,2465
614,13307,GA,Webster County,8,539
615,48449,TX,Titus County,7,4749
616,54097,WV,Upshur County,7,4705
617,19005,IA,Allamakee County,6,1786
618,47095,TN,Lake County,9,2151
619,47163,TN,Sullivan County,3,25304
620,41027,OR,Hood River County,6,2459
621,31155,NE,Saunders County,2,1524
622,38069,ND,Pierce County,7,522
623,21101,KY,Henderson County,2,7739
624,31111,NE,Lincoln County,5,3272
625,20175,KS,Seward County,7,3017
626,26127,MI,Oceana County,8,4630
627,42121,PA,Venango County,4,7507
628,32011,NV,Eureka County,9,189
629,54031,WV,Hardy County,8,2096
630,21137,KY,Lincoln County,7,5499
631,6081,CA,San Mateo County,1,50438
632,15007,HI,Kauai County,5,5716
633,27057,MN,Hubbard County,7,2677
634,42017,PA,Bucks County,1,40872
635,18129,IN,Posey County,2,2192
636,51810,VA,Virginia Beach city,1,36494
637,39119,OH,Muskingum County,4,12435
638,42103,PA,Pike County,1,5397
639,48505,TX,Zapata County,6,4162
640,47039,TN,Decatur County,9,2164
641,37193,NC,Wilkes County,6,11378
642,53067,WA,Thurston County,3,28354
643,34041,NJ,Warren County,2,8708
644,8065,CO,Lake County,7,1093
645,13283,GA,Treutlen County,7,1717
646,13285,GA,Troup County,4,13731
647,31055,NE,Douglas County,2,67359
648,27125,MN,Red Lake County,8,390
649,45009,SC,Bamberg County,7,3885
650,12073,FL,Leon County,2,52124
651,21061,KY,Edmonson County,3,2668
652,48053,TX,Burnet County,6,5181
653,47009,TN,Blount County,2,14401
654,17125,IL,Mason County,6,1996
655,47105,TN,Loudon County,2,5414
656,48393,TX,Roberts County,9,60
657,19073,IA,Greene County,6,998
658,37177,NC,Tyrrell County,9,966
659,21173,KY,Montgomery County,6,4881
660,48115,TX,Dawson County,7,2508
661,5125,AR,Saline County,2,10160
662,48213,TX,Henderson County,4,13151
663,21121,KY,Knox County,7,12097
664,19097,IA,Jackson County,6,2497
665,41033,OR,Josephine County,4,15239
666,35015,NM,Eddy County,5,8674
667,55065,WI,Lafayette County,8,1937
668,29151,MO,Osage County,3,1139
669,29111,MO,Lewis County,9,1590
670,29213,MO,Taney County,6,9006
671,45063,SC,Lexington County,2,33254
672,6077,CA,San Joaquin County,2,105268
673,12105,FL,Polk County,2,106703
674,47035,TN,Cumberland County,7,8841
675,20127,KS,Morris County,9,646
676,48075,TX,Childress County,7,1203
677,42005,PA,Armstrong County,1,9100
678,32033,NV,White Pine County,7,1220
679,12075,FL,Levy County,8,8467
680,37175,NC,Transylvania County,6,5415
681,51790,VA,Staunton city,4,2990
682,21007,KY,Ballard County,9,1277
683,39017,OH,Butler County,1,45165
684,54023,WV,Grant County,6,1737
685,47119,TN,Maury County,4,10204
686,13237,GA,Putnam County,6,3914
687,55117,WI,Sheboygan County,3,7934
688,6059,CA,Orange County,1,348173
689,32029,NV,Storey County,2,316
690,40085,OK,Love County,9,1376
691,17123,IL,Marshall County,2,1144
692,6093,CA,Siskiyou County,7,8109
693,12101,FL,Pasco County,1,66980
694,33005,NH,Cheshire County,4,6078
695,8073,CO,Lincoln County,8,834
696,39105,OH,Meigs County,6,4815
697,48307,TX,McCulloch County,7,1479
698,28083,MS,Leflore County,5,10146
699,48239,TX,Jackson County,6,1966
700,19197,IA,Wright County,7,1578
701,13053,GA,Chattahoochee County,2,1639
702,46099,SD,Minnehaha County,3,18046
703,21095,KY,Harlan County,7,9889
704,48113,TX,Dallas County,1,413956
705,40123,OK,Pontotoc County,7,5983
706,51570,VA,Colonial Heights city,1,1819
707,48455,TX,Trinity County,8,2864
708,18055,IN,Greene County,3,5120
709,1015,AL,Calhoun County,3,19057
710,19049,IA,Dallas County,2,4118
711,27065,MN,Kanabec County,6,2064
712,20097,KS,Kiowa County,9,302
713,13069,GA,Coffee County,7,9153
714,53057,WA,Skagit County,3,13787
715,51520,VA,Bristol city,3,3953
716,29057,MO,Dade County,8,1312
717,56045,WY,Weston County,7,734
718,6037,CA,Los Angeles County,1,1629450
719,38083,ND,Sheridan County,9,222
720,8087,CO,Morgan County,6,3221
721,6101,CA,Sutter County,3,16390
722,30069,MT,Petroleum County,9,74
723,21177,KY,Muhlenberg County,6,5732
724,4011,AZ,Greenlee County,7,1144
725,53071,WA,Walla Walla County,4,7906
726,48345,TX,Motley County,8,210
727,55093,WI,Pierce County,1,3153
728,26149,MI,St. Joseph County,4,8948
729,24019,MD,Dorchester County,6,5531
730,21081,KY,Grant County,1,3787
731,54015,WV,Clay County,2,2541
732,48381,TX,Randall County,3,11784
733,29153,MO,Ozark County,9,2315
734,54083,WV,Randolph County,7,4974
735,4025,AZ,Yavapai County,3,29418
736,45055,SC,Kershaw County,2,9941
737,41017,OR,Deschutes County,3,19113
738,21237,KY,Wolfe County,9,2252
739,48087,TX,Collingsworth County,9,584
740,21099,KY,Hart County,8,3998
741,19037,IA,Chickasaw County,6,1303
742,28145,MS,Union County,7,3655
743,48285,TX,Lavaca County,6,2418
744,6091,CA,Sierra County,8,419
745,24021,MD,Frederick County,1,16793
746,29043,MO,Christian County,2,8921
747,46105,SD,Perkins County,9,374
748,31147,NE,Richardson County,7,973
749,32017,NV,Lincoln County,8,675
750,21077,KY,Gallatin County,1,1238
751,29053,MO,Cooper County,6,2362
752,37159,NC,Rowan County,4,22283
753,22041,LA,Franklin Parish,7,5728
754,24029,MD,Kent County,6,2565
755,30037,MT,Golden Valley County,8,147
756,28053,MS,Humphreys County,7,3268
757,54011,WV,Cabell County,2,20129
758,33017,NH,Strafford County,1,9094
759,13167,GA,Johnson County,9,2277
760,51051,VA,Dickenson County,9,3684
761,28105,MS,Oktibbeha County,5,12741
762,20015,KS,Butler County,2,5745
763,42037,PA,Columbia County,4,8349
764,48339,TX,Montgomery County,1,59836
765,51167,VA,Russell County,6,4584
766,38101,ND,Ward County,5,5903
767,49043,UT,Summit County,2,2412
768,6063,CA,Plumas County,7,2312
769,1025,AL,Clarke County,7,6977
770,54099,WV,Wayne County,2,8651
771,13083,GA,Dade County,2,2377
772,48325,TX,Medina County,1,6746
773,46117,SD,Stanley County,9,237
774,37003,NC,Alexander County,2,5401
775,28107,MS,Panola County,6,7699
776,18101,IN,Martin County,6,1241
777,48493,TX,Wilson County,1,4958
778,51075,VA,Goochland County,1,1393
779,38023,ND,Divide County,9,231
780,19023,IA,Butler County,8,1416
781,37085,NC,Harnett County,4,20400
782,34007,NJ,Camden County,1,60385
783,13259,GA,Stewart County,8,1634
784,17111,IL,McHenry County,1,22253
785,17017,IL,Cass County,6,1708
786,55121,WI,Trempealeau County,8,2391
787,48109,TX,Culberson County,9,516
788,48263,TX,Kent County,9,83
789,38019,ND,Cavalier County,9,364
790,55013,WI,Burnett County,8,2068
791,13277,GA,Tift County,4,8669
792,19169,IA,Story County,3,16340
793,31067,NE,Gage County,6,2430
794,16057,ID,Latah County,4,6326
795,55041,WI,Forest County,9,1409
796,51079,VA,Greene County,3,1618
797,25021,MA,Norfolk County,1,41497
798,39121,OH,Noble County,6,1744
799,19093,IA,Ida County,8,696
800,36117,NY,Wayne County,1,9296
801,29205,MO,Shelby County,9,977
802,5035,AR,Crittenden County,1,12314
803,40113,OK,Osage County,2,7139
804,6079,CA,San Luis Obispo County,3,29345
805,54107,WV,Wood County,3,14510
806,12087,FL,Monroe County,4,8801
807,21209,KY,Scott County,2,5400
808,48495,TX,Winkler County,6,1164
809,44007,RI,Providence County,1,96214
810,37005,NC,Alleghany County,9,2203
811,48183,TX,Gregg County,3,20929
812,8039,CO,Elbert County,1,1516
813,51179,VA,Stafford County,1,7935
814,46095,SD,Mellette County,9,676
815,40073,OK,Kingfisher County,6,1605
816,48197,TX,Hardeman County,7,692
817,21111,KY,Jefferson County,1,111467
818,54043,WV,Lincoln County,2,5101
819,48005,TX,Angelina County,5,16085
820,26019,MI,Benzie County,9,1876
821,40103,OK,Noble County,6,1499
822,30065,MT,Musselshell County,8,790
823,51061,VA,Fauquier County,1,3978
824,47029,TN,Cocke County,6,8448
825,13151,GA,Henry County,1,21101
826,13163,GA,Jefferson County,6,3867
827,50017,VT,Orange County,9,2986
828,48253,TX,Jones County,3,3138
829,31019,NE,Buffalo County,5,5287
830,28023,MS,Clarke County,9,3296
831,12133,FL,Washington County,6,5026
832,38057,ND,Mercer County,6,561
833,38009,ND,Bottineau County,9,701
834,35045,NM,San Juan County,3,19749
835,19111,IA,Lee County,5,4643
836,49027,UT,Millard County,7,1407
837,48255,TX,Karnes County,6,2677
838,45011,SC,Barnwell County,6,4789
839,37129,NC,New Hanover County,2,37472
840,1119,AL,Sumter County,8,3933
841,37123,NC,Montgomery County,6,5655
842,51067,VA,Franklin County,2,7192
843,27155,MN,Traverse County,9,414
844,29181,MO,Ripley County,9,3776
845,47099,TN,Lawrence County,6,7076
846,46087,SD,McCook County,3,545
847,21073,KY,Franklin County,4,6708
848,17137,IL,Morgan County,4,4962
849,53011,WA,Clark County,1,41909
850,19125,IA,Marion County,6,2725
851,15003,HI,Honolulu County,2,81341
852,26147,MI,St. Clair County,1,21781
853,47143,TN,Rhea County,6,5739
854,26155,MI,Shiawassee County,4,8106
855,37145,NC,Person County,2,5962
856,20135,KS,Ness County,9,325
857,20189,KS,Stevens County,7,551
858,48035,TX,Bosque County,6,2797
859,40005,OK,Atoka County,7,2596
860,51740,VA,Portsmouth city,1,16775
861,35021,NM,Harding County,9,95
862,54079,WV,Putnam County,2,6090
863,36105,NY,Sullivan County,4,12240
864,28061,MS,Jasper County,9,3748
865,48033,TX,Borden County,9,67
866,36075,NY,Oswego County,2,19549
867,21141,KY,Logan County,6,4581
868,13109,GA,Evans County,6,2500
869,23005,ME,Cumberland County,2,28431
870,6113,CA,Yolo County,1,39303
871,19193,IA,Woodbury County,3,13318
872,22015,LA,Bossier Parish,2,20555
873,5007,AR,Benton County,2,23131
874,39041,OH,Delaware County,1,9083
875,18181,IN,White County,6,2571
876,40059,OK,Harper County,9,388
877,5115,AR,Pope County,5,10433
878,8097,CO,Pitkin County,7,1227
879,22101,LA,St. Mary Parish,4,11371
880,8025,CO,Crowley County,8,1471
881,23013,ME,Knox County,7,4376
882,46097,SD,Miner County,8,272
883,37061,NC,Duplin County,6,12418
884,18153,IN,Sullivan County,3,2640
885,19009,IA,Audubon County,8,616
886,51141,VA,Patrick County,8,3151
887,40091,OK,McIntosh County,6,4133
888,48349,TX,Navarro County,4,8491
889,21163,KY,Meade County,1,3716
890,27171,MN,Wright County,1,6912
891,29137,MO,Monroe County,9,1298
892,48235,TX,Irion County,3,125
893,22013,LA,Bienville Parish,6,3171
894,21085,KY,Grayson County,6,5585
895,38037,ND,Grant County,8,367
896,51113,VA,Madison County,8,1444
897,19129,IA,Mills County,2,1276
898,21049,KY,Clark County,2,5618
899,51173,VA,Smyth County,6,5485
900,13161,GA,Jeff Davis County,7,3508
901,20195,KS,Trego County,9,309
902,30003,MT,Big Horn County,6,3368
903,5103,AR,Ouachita County,7,5849
904,56017,WY,Hot Springs County,7,624
905,39083,OH,Knox County,4,7294
906,51171,VA,Shenandoah County,6,4592
907,17177,IL,Stephenson County,4,6916
908,36077,NY,Otsego County,6,8124
909,23015,ME,Lincoln County,8,3818
910,6115,CA,Yuba County,3,12288
911,46125,SD,Turner County,3,752
912,48001,TX,Anderson County,5,9044
913,8009,CO,Baca County,9,702
914,4017,AZ,Navajo County,4,30379
915,12001,FL,Alachua County,3,55990
916,21039,KY,Carlisle County,9,693
917,22089,LA,St. Charles Parish,1,6812
918,20141,KS,Osborne County,9,501
919,53035,WA,Kitsap County,3,25729
920,8043,CO,Fremont County,4,6861
921,21175,KY,Morgan County,7,3109
922,36001,NY,Albany County,2,35585
923,6029,CA,Kern County,2,190993
924,37165,NC,Scotland County,6,9033
925,22021,LA,Caldwell Parish,8,2144
926,37077,NC,Granville County,6,8403
927,5147,AR,Woodruff County,9,1712
928,19103,IA,Johnson County,3,23460
929,19119,IA,Lyon County,8,840
930,47013,TN,Campbell County,6,9398
931,29189,MO,St. Louis County,1,90126
932,21029,KY,Bullitt County,1,8144
933,12053,FL,Hernando County,1,27794
934,23007,ME,Franklin County,6,4111
935,32007,NV,Elko County,5,5329
936,18115,IN,Ohio County,1,590
937,24001,MD,Allegany County,3,11090
938,17147,IL,Piatt County,3,1115
939,13199,GA,Meriwether County,1,4417
940,19041,IA,Clay County,7,1457
941,42007,PA,Beaver County,1,15998
942,40129,OK,Roger Mills County,9,469
943,36121,NY,Wyoming County,6,3701
944,48065,TX,Carson County,3,519
945,16009,ID,Benewah County,6,1624
946,29123,MO,Madison County,7,2193
947,19001,IA,Adair County,8,740
948,51043,VA,Clarke County,1,1115
949,39055,OH,Geauga County,1,5451
950,18103,IN,Miami County,6,5100
951,48021,TX,Bastrop County,1,10632
952,48305,TX,Lynn County,6,1010
953,51117,VA,Mecklenburg County,7,4759
954,40011,OK,Blaine County,6,1682
955,55061,WI,Kewaunee County,2,1526
956,20193,KS,Thomas County,7,787
957,41043,OR,Linn County,4,15975
958,29021,MO,Buchanan County,3,14999
959,8015,CO,Chaffee County,7,2009
960,19177,IA,Van Buren County,9,1047
961,53075,WA,Whitman County,4,11027
962,26053,MI,Gogebic County,7,2809
963,51069,VA,Frederick County,3,5677
964,17075,IL,Iroquois County,6,3688
965,12067,FL,Lafayette County,8,1609
966,8077,CO,Mesa County,3,21922
967,45071,SC,Newberry County,6,6967
968,56013,WY,Fremont County,7,6616
969,17133,IL,Monroe County,1,1599
970,29133,MO,Mississippi County,7,3384
971,46011,SD,Brookings County,7,4307
972,20051,KS,Ellis County,5,3453
973,48463,TX,Uvalde County,7,6761
974,48383,TX,Reagan County,6,423
975,26029,MI,Charlevoix County,7,2981
976,20059,KS,Franklin County,1,2987
977,37021,NC,Buncombe County,2,33631
978,17087,IL,Johnson County,7,1594
979,21221,KY,Trigg County,3,2046
980,13129,GA,Gordon County,6,9020
981,17057,IL,Fulton County,6,4807
982,30081,MT,Ravalli County,6,5773
983,24009,MD,Calvert County,1,5282
984,28133,MS,Sunflower County,5,7874
985,26057,MI,Gratiot County,6,6742
986,31179,NE,Wayne County,6,997
987,19123,IA,Mahaska County,7,2640
988,48311,TX,McMullen County,8,95
989,16005,ID,Bannock County,3,13780
990,37163,NC,Sampson County,6,12114
991,21047,KY,Christian County,3,13938
992,21133,KY,Letcher County,9,7113
993,8047,CO,Gilpin County,1,440
994,38017,ND,Cass County,3,18151
995,47085,TN,Humphreys County,6,3318
996,38051,ND,McIntosh County,9,309
997,12079,FL,Madison County,6,5205
998,19039,IA,Clarke County,6,1061
999,6055,CA,Napa County,3,10958
1000,17049,IL,Effingham County,7,3709
1001,26007,MI,Alpena County,7,4365
1002,47171,TN,Unicoi County,3,3006
1003,31035,NE,Clay County,9,681
1004,29097,MO,Jasper County,3,20301
1005,26079,MI,Kalkaska County,7,2612
1006,37113,NC,Macon County,7,5585
1007,40109,OK,Oklahoma County,1,124834
1008,1115,AL,St. Clair County,1,10352
1009,26091,MI,Lenawee County,4,11641
1010,19057,IA,Des Moines County,5,6300
1011,42123,PA,Warren County,6,6007
1012,16033,ID,Clark County,8,141
1013,49047,UT,Uintah County,7,4094
1014,6097,CA,Sonoma County,2,46604
1015,48221,TX,Hood County,4,5754
1016,37047,NC,Columbus County,6,13110
1017,31007,NE,Banner County,9,100
1018,13317,GA,Wilkes County,6,2213
1019,27135,MN,Roseau County,7,1204
1020,24013,MD,Carroll County,1,8990
1021,42101,PA,Philadelphia County,1,384148
1022,51670,VA,Hopewell city,1,4630
1023,22085,LA,Sabine Parish,6,4352
1024,16031,ID,Cassia County,7,3282
1025,18033,IN,De Kalb County,4,3780
1026,35043,NM,Sandoval County,2,20441
1027,13087,GA,Decatur County,6,7716
1028,17117,IL,Macoupin County,1,5962
1029,36095,NY,Schoharie County,2,3802
1030,27017,MN,Carlton County,2,3469
1031,48151,TX,Fisher County,8,597
1032,29029,MO,Camden County,7,7385
1033,21037,KY,Campbell County,1,11120
1034,17063,IL,Grundy County,1,3936
1035,27045,MN,Fillmore County,8,2535
1036,16017,ID,Bonner County,6,6476
1037,49037,UT,San Juan County,7,5138
1038,34031,NJ,Passaic County,1,85671
1039,21023,KY,Bracken County,1,1386
1040,27099,MN,Mower County,4,5104
1041,30101,MT,Toole County,7,712
1042,51119,VA,Middlesex County,8,1469
1043,56015,WY,Goshen County,7,1776
1044,51121,VA,Montgomery County,3,18030
1045,13119,GA,Franklin County,8,4614
1046,13257,GA,Stephens County,7,5212
1047,17001,IL,Adams County,5,8223
1048,27019,MN,Carver County,1,4225
1049,17121,IL,Marion County,4,5891
1050,30091,MT,Sheridan County,9,379
1051,40077,OK,Latimer County,7,2062
1052,27003,MN,Anoka County,1,23240
1053,51103,VA,Lancaster County,9,1514
1054,36019,NY,Clinton County,5,10701
1055,17083,IL,Jersey County,1,2369
1056,28001,MS,Adams County,5,9045
1057,13205,GA,Mitchell County,6,6032
1058,48107,TX,Crosby County,3,1425
1059,48333,TX,Mills County,9,750
1060,25001,MA,Barnstable County,3,15972
1061,42015,PA,Bradford County,6,6904
1062,38081,ND,Sargent County,9,296
1063,31133,NE,Pawnee County,9,400
1064,19147,IA,Palo Alto County,7,899
1065,13301,GA,Warren County,8,1511
1066,48199,TX,Hardin County,2,6001
1067,1099,AL,Monroe County,7,5472
1068,19151,IA,Pocahontas County,9,792
1069,18057,IN,Hamilton County,1,14927
1070,48397,TX,Rockwall County,1,4845
1071,28055,MS,Issaquena County,9,409
1072,46005,SD,Beadle County,7,2484
1073,28093,MS,Marshall County,1,7772
1074,41051,OR,Multnomah County,1,111262
1075,51139,VA,Page County,6,3833
1076,28073,MS,Lamar County,3,7614
1077,45061,SC,Lee County,6,4443
1078,46003,SD,Aurora County,9,275
1079,27137,MN,St. Louis County,2,28177
1080,31059,NE,Fillmore County,9,540
1081,34019,NJ,Hunterdon County,1,5431
1082,42013,PA,Blair County,3,16430
1083,48473,TX,Waller County,1,7591
1084,30099,MT,Teton County,8,824
1085,8115,CO,Sedgwick County,9,352
1086,53029,WA,Island County,4,7577
1087,31093,NE,Howard County,9,663
1088,20153,KS,Rawlins County,9,310
1089,27011,MN,Big Stone County,9,584
1090,30041,MT,Hill County,7,3140
1091,24043,MD,Washington County,3,18771
1092,12071,FL,Lee County,2,91333
1093,27147,MN,Steele County,5,3315
1094,17109,IL,McDonough County,5,5470
1095,47145,TN,Roane County,4,7416
1096,40083,OK,Logan County,1,6510
1097,17161,IL,Rock Island County,2,21769
1098,27139,MN,Scott County,1,7784
1099,47125,TN,Montgomery County,3,24640
1100,51057,VA,Essex County,8,1439
1101,54085,WV,Ritchie County,8,1764
1102,47129,TN,Morgan County,6,4368
1103,51143,VA,Pittsylvania County,3,8211
1104,51045,VA,Craig County,2,648
1105,19007,IA,Appanoose County,7,2304
1106,51013,VA,Arlington County,1,17151
1107,5069,AR,Jefferson County,3,15094
1108,19011,IA,Benton County,3,1975
1109,45049,SC,Hampton County,6,4104
1110,40013,OK,Bryan County,6,7519
1111,18047,IN,Franklin County,1,2414
1112,41003,OR,Benton County,3,15546
1113,51590,VA,Danville city,3,9003
1114,31073,NE,Gosper County,9,189
1115,55025,WI,Dane County,2,56594
1116,17059,IL,Gallatin County,8,1061
1117,13051,GA,Chatham County,2,45636
1118,48067,TX,Cass County,6,5206
1119,51036,VA,Charles City County,1,877
1120,24003,MD,Anne Arundel County,1,38816
1121,31165,NE,Sioux County,9,192
1122,34003,NJ,Bergen County,1,63789
1123,13235,GA,Pulaski County,6,2505
1124,12057,FL,Hillsborough County,1,203350
1125,46047,SD,Fall River County,7,862
1126,46045,SD,Edmunds County,9,377
1127,18183,IN,Whitley County,2,2954
1128,30057,MT,Madison County,9,877
1129,9001,CT,Fairfield County,2,79966
1130,36031,NY,Essex County,6,4532
1131,17151,IL,Pope County,9,720
1132,35027,NM,Lincoln County,7,3500
1133,30045,MT,Judith Basin County,8,259
1134,29221,MO,Washington County,1,5186
1135,30053,MT,Lincoln County,7,3550
1136,2185,AK,North Slope Borough,7,1132
1137,45021,SC,Cherokee County,4,10318
1138,20119,KS,Meade County,9,444
1139,20159,KS,Rice County,7,1167
1140,19117,IA,Lucas County,6,1268
1141,29001,MO,Adair County,7,5343
1142,48281,TX,Lampasas County,2,2793
1143,48503,TX,Young County,6,2599
1144,28025,MS,Clay County,7,4657
1145,8101,CO,Pueblo County,3,32053
1146,37199,NC,Yancey County,8,3350
1147,26021,MI,Berrien County,3,25215
1148,17031,IL,Cook County,1,770091
1149,55069,WI,Lincoln County,6,2712
1150,20069,KS,Gray County,9,487
1151,37139,NC,Pasquotank County,7,6395
1152,35041,NM,Roosevelt County,7,4006
1153,21225,KY,Union County,6,2723
1154,21203,KY,Rockcastle County,7,3991
1155,46137,SD,Ziebach County,9,1223
1156,51820,VA,Waynesboro city,4,3167
1157,19077,IA,Guthrie County,2,1036
1158,48135,TX,Ector County,3,21548
1159,21027,KY,Breckinridge County,8,3386
1160,42049,PA,Erie County,2,41331
1161,1037,AL,Coosa County,8,1801
1162,45087,SC,Union County,6,5756
1163,22037,LA,East Feliciana Parish,2,3459
1164,27073,MN,Lac qui Parle County,9,635
1165,35053,NM,Socorro County,6,4181
1166,48071,TX,Chambers County,1,3646
1167,37087,NC,Haywood County,2,9545
1168,55051,WI,Iron County,9,809
1169,36021,NY,Columbia County,6,7519
1170,54109,WV,Wyoming County,7,5155
1171,39161,OH,Van Wert County,6,2489
1172,29065,MO,Dent County,7,2995
1173,21045,KY,Casey County,9,4260
1174,12091,FL,Okaloosa County,3,21032
1175,48321,TX,Matagorda County,4,6392
1176,51760,VA,Richmond city,1,55062
1177,40131,OK,Rogers County,2,8185
1178,26001,MI,Alcona County,9,1657
1179,28039,MS,George County,3,3714
1180,31185,NE,York County,7,1357
1181,12061,FL,Indian River County,3,18518
1182,20209,KS,Wyandotte County,1,31432
1183,28015,MS,Carroll County,9,1719
1184,37029,NC,Camden County,8,902
1185,28147,MS,Walthall County,9,3476
1186,26077,MI,Kalamazoo County,2,42141
1187,5015,AR,Carroll County,6,4684
1188,39139,OH,Richland County,3,17904
1189,38049,ND,McHenry County,9,641
1190,32023,NV,Nye County,6,6724
1191,2188,AK,Northwest Arctic Borough,7,2114
1192,40079,OK,Le Flore County,2,10398
1193,17159,IL,Richland County,7,2235
1194,21055,KY,Crittenden County,6,1660
1195,5045,AR,Faulkner County,2,18782
1196,50027,VT,Windsor County,7,5479
1197,45051,SC,Horry County,3,47767
1198,20019,KS,Chautauqua County,9,574
1199,38059,ND,Morton County,3,2679
1200,9009,CT,New Haven County,2,94687
1201,13003,GA,Atkinson County,9,2176
1202,38091,ND,Steele County,8,162
1203,40093,OK,Major County,9,925
1204,39043,OH,Erie County,3,9171
1205,13091,GA,Dodge County,7,4730
1206,13229,GA,Pierce County,6,3282
1207,32001,NV,Churchill County,6,3371
1208,24045,MD,Wicomico County,3,17634
1209,48229,TX,Hudspeth County,8,848
1210,42133,PA,York County,2,42508
1211,27169,MN,Winona County,4,5416
1212,28095,MS,Monroe County,7,6869
1213,8071,CO,Las Animas County,7,2869
1214,13219,GA,Oconee County,3,2480
1215,27109,MN,Olmsted County,3,13027
1216,17203,IL,Woodford County,2,2515
1217,28129,MS,Smith County,8,2990
1218,48225,TX,Houston County,7,4437
1219,47097,TN,Lauderdale County,6,6025
1220,27031,MN,Cook County,9,526
1221,45005,SC,Allendale County,6,3013
1222,48301,TX,Loving County,9,15
1223,21143,KY,Lyon County,8,1152
1224,5025,AR,Cleveland County,3,1295
1225,21075,KY,Fulton County,7,1712
1226,56025,WY,Natrona County,3,8244
1227,8083,CO,Montezuma County,6,4031
1228,56021,WY,Laramie County,3,9697
1229,47049,TN,Fentress County,9,3812
1230,20173,KS,Sedgwick County,2,75334
1231,26107,MI,Mecosta County,6,8248
1232,48413,TX,Schleicher County,8,503
1233,34023,NJ,Middlesex County,1,69642
1234,5099,AR,Nevada County,7,1680
1235,9003,CT,Hartford County,1,95010
1236,55078,WI,Menominee County,8,1214
1237,48309,TX,McLennan County,3,44099
1238,42001,PA,Adams County,4,9218
1239,48091,TX,Comal County,1,11496
1240,45075,SC,Orangeburg County,4,19239
1241,29081,MO,Harrison County,7,1520
1242,16061,ID,Lewis County,8,611
1243,51095,VA,James City County,1,4739
1244,48351,TX,Newton County,8,3023
1245,48459,TX,Upshur County,3,6235
1246,29199,MO,Scotland County,9,778
1247,41001,OR,Baker County,7,2762
1248,19121,IA,Madison County,2,1218
1249,28009,MS,Benton County,8,2064
1250,8059,CO,Jefferson County,1,39397
1251,17081,IL,Jefferson County,7,5697
1252,21093,KY,Hardin County,3,14306
1253,8093,CO,Park County,1,1572
1254,45017,SC,Calhoun County,2,2370
1255,8121,CO,Washington County,9,674
1256,36057,NY,Montgomery County,4,9610
1257,38043,ND,Kidder County,8,303
1258,48177,TX,Gonzales County,6,3519
1259,29177,MO,Ray County,1,2453
1260,1131,AL,Wilcox County,8,3466
1261,49041,UT,Sevier County,7,2907
1262,20017,KS,Chase County,8,287
1263,45007,SC,Anderson County,3,29703
1264,48023,TX,Baylor County,6,630
1265,37069,NC,Franklin County,2,9624
1266,27097,MN,Morrison County,6,3871
1267,6099,CA,Stanislaus County,2,77913
1268,13247,GA,Rockdale County,1,12943
1269,27075,MN,Lake County,6,946
1270,29051,MO,Cole County,3,7821
1271,49023,UT,Juab County,2,1157
1272,28057,MS,Itawamba County,7,4062
1273,21035,KY,Calloway County,7,7430
1274,19107,IA,Keokuk County,8,1199
1275,31131,NE,Otoe County,6,1489
1276,12119,FL,Sumter County,4,12115
1277,27167,MN,Wilkin County,6,553
1278,41023,OR,Grant County,9,1132
1279,37189,NC,Watauga County,6,11717
1280,40119,OK,Payne County,4,18413
1281,40095,OK,Marshall County,6,2499
1282,18121,IN,Parke County,6,2497
1283,4015,AZ,Mohave County,4,36665
1284,37051,NC,Cumberland County,2,59570
1285,19167,IA,Sioux County,6,2374
1286,20057,KS,Ford County,5,4453
1287,47015,TN,Cannon County,1,2149
1288,13299,GA,Ware County,4,8501
1289,26071,MI,Iron County,7,1672
1290,17095,IL,Knox County,4,8036
1291,26089,MI,Leelanau County,9,1739
1292,6009,CA,Calaveras County,6,5833
1293,27027,MN,Clay County,3,7167
1294,29165,MO,Platte County,1,5915
1295,20099,KS,Labette County,7,4161
1296,29113,MO,Lincoln County,1,6132
1297,46102,SD,Oglala Lakota County,7,5854
1298,33019,NH,Sullivan County,7,4016
1299,47181,TN,Wayne County,8,3032
1300,26097,MI,Mackinac County,7,1465
1301,56033,WY,Sheridan County,7,2691
1302,17037,IL,DeKalb County,1,15566
1303,29035,MO,Carter County,9,1298
1304,5091,AR,Miller County,3,9504
1305,28069,MS,Kemper County,9,2532
1306,42019,PA,Butler County,1,13334
1307,18081,IN,Johnson County,1,11300
1308,29023,MO,Butler County,7,9237
1309,34015,NJ,Gloucester County,1,22402
1310,51087,VA,Henrico County,1,29583
1311,1047,AL,Dallas County,4,13987
1312,36041,NY,Hamilton County,8,463
1313,5105,AR,Perry County,2,1689
1314,19157,IA,Poweshiek County,7,1863
1315,20041,KS,Dickinson County,7,2084
1316,29225,MO,Webster County,2,6189
1317,26011,MI,Arenac County,8,2456
1318,46019,SD,Butte County,6,1399
1319,13127,GA,Glynn County,3,15916
1320,55057,WI,Juneau County,7,3561
1321,18127,IN,Porter County,1,12749
1322,20083,KS,Hodgeman County,9,183
1323,55127,WI,Walworth County,4,11191
1324,49055,UT,Wayne County,9,400
1325,10001,DE,Kent County,3,23060
1326,16007,ID,Bear Lake County,7,823
1327,39117,OH,Morrow County,1,4214
1328,36027,NY,Dutchess County,2,25588
1329,9007,CT,Middlesex County,1,12513
1330,8095,CO,Phillips County,9,484
1331,18007,IN,Benton County,3,980
1332,9011,CT,New London County,2,23961
1333,47019,TN,Carter County,3,11903
1334,18117,IN,Orange County,6,3103
1335,36035,NY,Fulton County,4,7878
1336,30105,MT,Valley County,7,928
1337,48063,TX,Camp County,6,2456
1338,28141,MS,Tishomingo County,8,3362
1339,20053,KS,Ellsworth County,7,545
1340,2220,AK,Sitka Borough,7,690
1341,48419,TX,Shelby County,6,5345
1342,28065,MS,Jefferson Davis County,8,3034
1343,48189,TX,Hale County,4,6809
1344,20177,KS,Shawnee County,3,18931
1345,1027,AL,Clay County,9,2495
1346,19181,IA,Warren County,2,3263
1347,19051,IA,Davis County,9,1125
1348,48363,TX,Palo Pinto County,6,4547
1349,13269,GA,Taylor County,8,2004
1350,48017,TX,Bailey County,7,1165
1351,13057,GA,Cherokee County,1,17948
1352,56011,WY,Crook County,9,613
1353,27059,MN,Isanti County,1,2955
1354,46031,SD,Corson County,9,1614
1355,28119,MS,Quitman County,6,2468
1356,53031,WA,Jefferson County,6,3679
1357,42109,PA,Snyder County,7,4775
1358,29201,MO,Scott County,5,7004
1359,13001,GA,Appling County,7,3542
1360,32013,NV,Humboldt County,7,1982
1361,42111,PA,Somerset County,4,9885
1362,27113,MN,Pennington County,6,1365
1363,28163,MS,Yazoo County,6,8053
1364,45081,SC,Saluda County,2,3329
1365,39027,OH,Clinton County,6,5426
1366,29059,MO,Dallas County,2,3025
1367,16015,ID,Boise County,2,965
1368,6083,CA,Santa Barbara County,2,59468
1369,21219,KY,Todd County,8,2457
1370,48405,TX,San Augustine County,9,1933
1371,1017,AL,Chambers County,6,6656
1372,56035,WY,Sublette County,9,646
1373,12003,FL,Baker County,1,4329
1374,27041,MN,Douglas County,7,3172
1375,13093,GA,Dooly County,6,3386
1376,29013,MO,Bates County,1,2204
1377,4027,AZ,Yuma County,3,37850
1378,29119,MO,McDonald County,2,4776
1379,5073,AR,Lafayette County,8,1838
1380,5031,AR,Craighead County,3,16548
1381,47121,TN,Meigs County,8,2164
1382,54019,WV,Fayette County,6,8365
1383,24005,MD,Baltimore County,1,72978
1384,51101,VA,King William County,1,1248
1385,48409,TX,San Patricio County,2,10570
1386,48073,TX,Cherokee County,6,9463
1387,5019,AR,Clark County,7,4406
1388,49011,UT,Davis County,2,21271
1389,53015,WA,Cowlitz County,3,16863
1390,42021,PA,Cambria County,3,20033
1391,51678,VA,Lexington city,6,965
1392,55079,WI,Milwaukee County,1,183511
1393,48315,TX,Marion County,8,2250
1394,42093,PA,Montour County,6,1966
1395,17167,IL,Sangamon County,3,26767
1396,51650,VA,Hampton city,1,21458
1397,35035,NM,Otero County,4,12945
1398,47155,TN,Sevier County,4,14386
1399,17005,IL,Bond County,1,2031
1400,29159,MO,Pettis County,4,6263
1401,20013,KS,Brown County,6,1272
1402,47089,TN,Jefferson County,3,8112
1403,29083,MO,Henry County,6,4402
1404,51105,VA,Lee County,8,6727
1405,6065,CA,Riverside County,1,359774
1406,18175,IN,Washington County,1,3898
1407,36055,NY,Monroe County,1,106742
1408,19035,IA,Cherokee County,6,1213
1409,48161,TX,Freestone County,7,3435
1410,45091,SC,York County,1,27264
1411,40101,OK,Muskogee County,4,14106
1412,46079,SD,Lake County,6,1049
1413,49033,UT,Rich County,8,215
1414,48139,TX,Ellis County,1,16121
1415,51049,VA,Cumberland County,1,1747
1416,27071,MN,Koochiching County,7,1773
1417,8067,CO,La Plata County,6,5861
1418,2060,AK,Bristol Bay Borough,9,100
1419,48445,TX,Terry County,6,2532
1420,21201,KY,Robertson County,8,514
1421,13025,GA,Brantley County,3,3795
1422,16077,ID,Power County,3,1188
1423,31137,NE,Phelps County,7,827
1424,39155,OH,Trumbull County,2,34839
1425,39165,OH,Warren County,1,11823
1426,13241,GA,Rabun County,9,2794
1427,40015,OK,Caddo County,6,5877
1428,45041,SC,Florence County,3,24811
1429,56003,WY,Big Horn County,9,1342
1430,51109,VA,Louisa County,1,4261
1431,53065,WA,Stevens County,6,6284
1432,26069,MI,Iosco County,7,4531
1433,34033,NJ,Salem County,1,7868
1434,37091,NC,Hertford County,7,5612
1435,6049,CA,Modoc County,6,1571
1436,18085,IN,Kosciusko County,4,7985
1437,31083,NE,Harlan County,9,414
1438,13293,GA,Upson County,6,5124
1439,51033,VA,Caroline County,1,2937
1440,20033,KS,Comanche County,9,208
1441,12125,FL,Union County,6,2512
1442,37057,NC,Davidson County,4,25150
1443,50015,VT,Lamoille County,8,2986
1444,30021,MT,Dawson County,7,989
1445,13009,GA,Baldwin County,4,10273
1446,6035,CA,Lassen County,6,4085
1447,21127,KY,Lawrence County,6,4251
1448,17003,IL,Alexander County,7,1857
1449,13279,GA,Toombs County,7,6266
1450,39169,OH,Wayne County,4,13372
1451,53007,WA,Chelan County,3,8665
1452,13097,GA,Douglas County,1,18191
1453,21193,KY,Perry County,7,8254
1454,6053,CA,Monterey County,2,53898
1455,13223,GA,Paulding County,1,13373
1456,55039,WI,Fond du Lac County,3,7631
1457,55005,WI,Barron County,6,5041
1458,19019,IA,Buchanan County,6,2084
1459,48187,TX,Guadalupe County,1,15051
1460,23031,ME,York County,2,16132
1461,23029,ME,Washington County,7,5615
1462,37135,NC,Orange County,2,17049
1463,42119,PA,Union County,4,4284
1464,45059,SC,Laurens County,2,11753
1465,28031,MS,Covington County,8,4531
1466,2180,AK,Nome Census Area,7,2337
1467,47117,TN,Marshall County,6,4148
1468,45047,SC,Greenwood County,4,14687
1469,1041,AL,Crenshaw County,8,2822
1470,40057,OK,Harmon County,9,679
1471,38093,ND,Stutsman County,7,2184
1472,51153,VA,Prince William County,1,33308
1473,28021,MS,Claiborne County,6,3060
1474,39111,OH,Monroe County,8,2130
1475,51011,VA,Appomattox County,3,2130
1476,39109,OH,Miami County,2,9860
1477,20183,KS,Smith County,9,507
1478,51600,VA,Fairfax city,1,1611
1479,20003,KS,Anderson County,6,992
1480,21223,KY,Trimble County,1,1263
1481,5101,AR,Newton County,9,1566
1482,46065,SD,Hughes County,7,1430
1483,20009,KS,Barton County,7,3621
1484,56043,WY,Washakie County,7,1060
1485,49045,UT,Tooele County,2,5189
1486,48157,TX,Fort Bend County,1,60925
1487,31029,NE,Chase County,9,359
1488,48273,TX,Kleberg County,4,6871
1489,38077,ND,Richland County,6,1558
1490,53033,WA,King County,1,196841
1491,28117,MS,Prentiss County,7,5868
1492,55109,WI,St. Croix County,1,4917
1493,13155,GA,Irwin County,7,1997
1494,55095,WI,Polk County,6,4233
1495,2130,AK,Ketchikan Gateway Borough,7,1245
1496,55009,WI,Brown County,2,24903
1497,21139,KY,Livingston County,9,1329
1498,20049,KS,Elk County,8,447
1499,31183,NE,Wheeler County,9,88
1500,45023,SC,Chester County,6,6328
